musym,muname,mukey,mustatus,slopegraddcp,slopegradwta,brockdepmin,wtdepannmin,wtdepaprjunmin,flodfreqdcd,flodfreqmax,pondfreqprs,aws025wta,aws050wta,aws0100wta,aws0150wta,drclassdcd,drclasswettest,hydgrpdcd,iccdcd,iccdcdpct,niccdcd,niccdcdpct,engdwobdcd,engdwbdcd,engdwbll,engdwbml,engstafdcd,engstafll,engstafml,engsldcd,engsldcp,englrsdcd,engcmssdcd,engcmssmp,urbrecptdcd,urbrecptwta,forpehrtdcp,hydclprs,awmmfpwwta,compname,comppct_r,majcompflag,localphase,slope_r,runoff,drainagecl,hydricrating,hydgrp,geomdesc,ecoclassname,min_restrictive_depth_cm,restriction_kinds,topsoil_clay_pct,topsoil_sand_pct,topsoil_silt_pct,topsoil_caco3_pct,topsoil_ph,topsoil_om_pct,dashboard_soil_bucket,dashboard_soil_label
AgC3,"Altoga silty clay, 2 to 5 percent slopes, eroded",378697,,4,4,,,,,,0,4.25,8.5,17,25.5,Well drained,Well drained,C,,100,3,100,Somewhat limited,Somewhat limited,Not rated,Not rated,Very limited,Not rated,Very limited,Somewhat limited,Somewhat limited,Very limited,Poor,Not rated,Somewhat limited,0.5,Erosion hazard moderate,0,1,Altoga,92,Yes,eroded,4.0,High,Well drained,No,C,stream terraces on plains,Northern Eroded Blackland; Southern Clay Loam,,,42.5,7.5,50.0,54.0,8.2,1.05,floodplain_bottomland,Creek / floodplain / bottomland
AgD3,"Altoga silty clay, 5 to 8 percent slopes, eroded",378699,,7,7,,,,,,0,4.18,8.18,16.18,24.18,Well drained,Well drained,C,,100,6,100,Somewhat limited,Somewhat limited,Not rated,Not rated,Very limited,Not rated,Very limited,Very limited,Very limited,Very limited,Poor,Not rated,Somewhat limited,0.5,Erosion hazard moderate,0,1,Altoga,92,Yes,eroded,7.0,Very high,Well drained,No,C,stream terraces on plains,Southern Clay Loam; Southern Eroded Blackland,104.0,Densic bedrock,42.5,9.5,48.0,54.0,8.2,1.05,floodplain_bottomland,Creek / floodplain / bottomland
AnA,"Anhalt clay, 0 to 2 percent slopes",378700,,1,1,71,,,,,0,3.25,6.5,9.23,9.23,Well drained,Well drained,D,,100,3,85,Very limited,Very limited,Not rated,Very limited,Very limited,Not rated,Very limited,Very limited,Very limited,Very limited,Poor,Not rated,Somewhat limited,0.5,Erosion hazard slight,0,1,Anhalt,85,Yes,,1.0,Very high,Well drained,No,D,hillslopes on plateaus,Clay Loam 29-35 PZ; Deep Redland 29-35 PZ; Low Stony Hill 29-35 PZ; Redland 29-35 PZ,33.0,Lithic bedrock; Paralithic bedrock,63.0,10.0,27.0,1.0,7.3,3.0,thin_limestone,Thin rocky limestone / karst
AnB,"Anhalt clay, 1 to 3 percent slopes",378701,,2,2,74,,,,,0,3.15,6.27,9.39,9.39,Well drained,Well drained,D,,100,3,92,Very limited,Very limited,Not rated,Very limited,Very limited,Not rated,Very limited,Very limited,Very limited,Very limited,Poor,Not rated,Somewhat limited,0.5,Erosion hazard slight,0,1,Anhalt,92,Yes,,2.0,Very high,Well drained,No,D,hillslopes on plateaus,Clay Loam 29-35 PZ; Deep Redland 29-35 PZ; Redland 29-35 PZ,46.0,Lithic bedrock; Paralithic bedrock,65.66666666666667,10.0,24.333333333333332,0.6666666666666666,7.3,3.0,thin_limestone,Thin rocky limestone / karst
AuB,"Austin-Castephen complex, 1 to 3 percent slopes",378702,,2,2,46,,,,,0,3.92,7.69,9.01,9.01,Well drained,Well drained,C,,100,3,60,Somewhat limited,Somewhat limited,Not rated,Very limited,Very limited,Not rated,Very limited,Very limited,Very limited,Very limited,Poor,Not rated,Somewhat limited,0.484,Erosion hazard slight,0,0.935,Austin,60,Yes,,2.0,Medium,Well drained,No,C,ridges on plains,Southern Chalky Ridge; Southern Clay Loam,46.0,Paralithic bedrock,41.166666666666664,11.033333333333333,47.79999999999999,50.0,8.2,1.75,thin_limestone,Thin rocky limestone / karst
AuC3,"Austin-Castephen complex, 2 to 5 percent slopes, eroded",378703,,4,4,46,,,,,0,3.92,7.69,10.21,10.21,Well drained,Well drained,C,,100,4,90,Somewhat limited,Somewhat limited,Not rated,Very limited,Very limited,Not rated,Very limited,Very limited,Very limited,Very limited,Poor,Not rated,Somewhat limited,0.484,Erosion hazard moderate,0,0.765,Austin,60,Yes,eroded,4.0,Medium,Well drained,No,C,ridges on plains,Southern Chalky Ridge; Southern Clay Loam,46.0,Paralithic bedrock,41.166666666666664,11.033333333333333,47.79999999999999,50.0,8.2,1.75,thin_limestone,Thin rocky limestone / karst
BoB,"Boerne fine sandy loam, 1 to 3 percent slopes, rarely flooded",378705,,2,2,,,,Rare,Rare,0,3,6,12,18,Well drained,Well drained,A,3,94,3,94,Very limited,Very limited,Not rated,Very limited,Very limited,Not rated,Very limited,Very limited,Very limited,Somewhat limited,Fair,Not rated,Somewhat limited,0.045,Erosion hazard slight,0,0.45,Boerne,94,Yes,,2.0,Very low,Well drained,No,A,"stream terraces on plateaus, flood plains on plateaus",Clay Loam 29-35 PZ; Loamy Bottomland 29-35 PZ; Southern Clay Loam,,,17.0,64.0,19.0,55.0,8.2,0.75,floodplain_bottomland,Creek / floodplain / bottomland
BrB,"Bolar clay loam, 1 to 3 percent slopes",378707,,2,2,71,,,,,0,3,6,8.52,8.52,Well drained,Well drained,C,,100,3,90,Somewhat limited,Very limited,Not rated,Very limited,Very limited,Not rated,Very limited,Very limited,Very limited,Somewhat limited,Poor,Not rated,Somewhat limited,0.296,Erosion hazard slight,0,0.964,Bolar,90,Yes,,2.0,Low,Well drained,No,C,hillslopes on plateaus,Clay Loam 29-35 PZ; Shallow 29-35 PZ,48.0,Lithic bedrock; Paralithic bedrock,30.0,34.0,36.0,47.5,8.0,1.875,thin_limestone,Thin rocky limestone / karst
BtD,"Brackett-Rock outcrop-Comfort complex, 1 to 8 percent slopes",378708,,5,4.8,0,,,,,0,2.44,3.41,3.41,3.41,Well drained,Well drained,D,,100,6,65,Somewhat limited,Very limited,Not rated,Very limited,Very limited,Not rated,Very limited,Very limited,Very limited,Somewhat limited,Poor,Not rated,Somewhat limited,0.37,Erosion hazard moderate,0,1,Brackett,50,Yes,,5.0,High,Well drained,No,D,ridges on plateaus,Adobe 29-35 PZ; Clay Loam 29-35 PZ; Low Stony Hill 29-35 PZ; Shallow 29-35 PZ,0.0,Lithic bedrock; Paralithic bedrock,42.5,25.95,31.55,31.25,7.7,3.4375,thin_limestone,Thin rocky limestone / karst
BtG,"Brackett-Rock outcrop-Real complex, 8 to 30 percent slopes",378709,,20,17.3,0,,,,,0,2.79,4.02,4.02,4.02,Well drained,Well drained,D,,100,7,60,Very limited,Very limited,Not rated,Very limited,Very limited,Not rated,Very limited,Very limited,Very limited,Very limited,Poor,Not rated,Somewhat limited,0.416,Erosion hazard moderate,0,1,Brackett,38,Yes,,20.0,High,Well drained,No,D,ridges on plateaus,Clay Loam 29-35 PZ; Steep Adobe 29-35 PZ; Steep Rocky 23-31 PZ,0.0,Lithic bedrock; Paralithic bedrock,27.5,34.9,37.6,58.75,8.05,3.4375,steep_rocky_slope,Steep rocky limestone slope
ByA,"Branyon clay, 0 to 1 percent slopes",378710,,0.5,0.5,,,,,,0,4.25,8.5,17,25.5,Moderately well drained,Moderately well drained,D,,100,2,95,Very limited,Very limited,Not rated,Very limited,Very limited,Not rated,Very limited,Not limited,Not limited,Very limited,Poor,Not rated,Somewhat limited,0.5,Erosion hazard slight,0,1,Branyon,85,Yes,,0.5,High,Moderately well drained,No,D,"circular gilgai on stream terraces on river valleys, plains",Southern Blackland; Southern Clay Loam,,,50.0,16.0,34.0,6.0,7.8,1.625,floodplain_bottomland,Creek / floodplain / bottomland
ByB,"Branyon clay, 1 to 3 percent slopes",378712,,2,2,,,,,,0,4.25,8.5,17,25.5,Moderately well drained,Moderately well drained,D,,100,2,100,Very limited,Very limited,Not rated,Very limited,Very limited,Not rated,Very limited,Not limited,Not limited,Very limited,Poor,Not rated,Somewhat limited,0.5,Erosion hazard slight,0,1,Branyon,85,Yes,,2.0,Very high,Moderately well drained,No,D,"circular gilgai on stream terraces on river valleys, plains",Southern Blackland; Southern Clay Loam,,,50.0,16.0,34.0,6.0,7.8,1.625,floodplain_bottomland,Creek / floodplain / bottomland
CaC3,"Castephen clay loam, 3 to 5 percent slopes, eroded",378713,,4,4,41,,,,,0,2.75,4.51,4.51,4.51,Well drained,Well drained,D,,100,4,85,Somewhat limited,Very limited,Not rated,Very limited,Very limited,Not rated,Very limited,Very limited,Very limited,Somewhat limited,Poor,Not rated,Somewhat limited,0.325,Erosion hazard moderate,0,1,Castephen,85,Yes,eroded,4.0,Medium,Well drained,No,D,ridges on plains,Southern Chalky Ridge,41.0,Paralithic bedrock,33.5,34.2,32.3,55.0,8.2,2.0,thin_limestone,Thin rocky limestone / karst
CrD,"Comfort-Rock outcrop complex, 1 to 8 percent slopes",378715,,5,5,0,,,,,0,1.6,1.92,1.92,1.92,Well drained,Well drained,D,,100,6,70,Very limited,Very limited,Not rated,Very limited,Very limited,Not rated,Very limited,Very limited,Very limited,Very limited,Poor,Not rated,Somewhat limited,0.711,Erosion hazard slight,0,1,Comfort,70,Yes,,5.0,Very high,Well drained,No,D,ridges on plateaus,Adobe 29-35 PZ; Gravelly Redland 29-35 PZ; Low Stony Hill 29-35 PZ; Shallow 29-35 PZ,0.0,Lithic bedrock; Paralithic bedrock,55.0,17.5,27.5,0.0,7.5,5.25,thin_limestone,Thin rocky limestone / karst
DeB,"Denton silty clay, 1 to 3 percent slopes",378716,,2,2,91,,,,,0,3.25,6.36,10.94,10.94,Well drained,Well drained,D,,100,3,88,Somewhat limited,Very limited,Not rated,Very limited,Very limited,Not rated,Very limited,Very limited,Very limited,Very limited,Poor,Not rated,Somewhat limited,0.5,Erosion hazard slight,0,1,Denton,88,Yes,,2.0,High,Well drained,No,D,hillslopes on plateaus,Clay Loam 29-35 PZ; Deep Redland 29-35 PZ; Shallow 23-31 PZ,48.0,Lithic bedrock; Paralithic bedrock,45.5,8.0,46.5,15.0,8.2,2.0,thin_limestone,Thin rocky limestone / karst
DeC3,"Denton silty clay, 1 to 5 percent slopes, moderately eroded",390694,,3,3,79,,,,,0,3.25,6.26,9.37,9.37,Well drained,Well drained,D,,100,3,90,Very limited,Very limited,Not rated,Very limited,Very limited,Not rated,Very limited,Very limited,Very limited,Very limited,Poor,Not rated,Somewhat limited,0.5,Erosion hazard slight,0,1,Denton,90,Yes,moderately eroded,3.0,High,Well drained,No,D,hillslopes on plateaus,Clay Loam 29-35 PZ; Deep Redland 29-35 PZ; Shallow 29-35 PZ,36.0,Lithic bedrock; Paralithic bedrock,45.333333333333336,8.666666666666666,46.0,30.0,8.2,1.6666666666666667,thin_limestone,Thin rocky limestone / karst
DoC,"Doss silty clay, moist, 1 to 5 percent slopes",390695,,4,4,43,,,,,0,3.5,6.02,6.02,6.02,Well drained,Well drained,D,,100,4,85,Somewhat limited,Very limited,Not rated,Very limited,Very limited,Not rated,Very limited,Very limited,Very limited,Very limited,Poor,Not rated,Somewhat limited,0.5,Erosion hazard moderate,0,1,Doss,85,Yes,,4.0,Medium,Well drained,No,D,hillslopes on plateaus,Clay Loam 29-35 PZ; Low Stony Hill 29-35 PZ; Shallow 29-35 PZ; Steep Adobe 29-35 PZ,30.0,Lithic bedrock; Paralithic bedrock,44.0,7.4,48.6,50.0,8.2,2.0,thin_limestone,Thin rocky limestone / karst
ErG,"Eckrant-Rock outcrop association, 8 to 30 percent slopes",390696,,19,19.8,0,,,,,0,2.25,2.7,2.7,2.7,Well drained,Well drained,D,,100,7,65,Very limited,Very limited,Not rated,Very limited,Very limited,Not rated,Very limited,Very limited,Very limited,Very limited,Poor,Not rated,Somewhat limited,0.866,Erosion hazard slight,0,1,Eckrant,65,Yes,,19.0,High,Well drained,No,D,ridges on plateaus,Clay Loam 29-35 PZ; Redland 29-35 PZ; Steep Adobe 29-35 PZ; Steep Rocky 29-35 PZ,0.0,Lithic bedrock; Paralithic bedrock,43.5,18.0,38.5,2.0,7.3,5.5,steep_rocky_slope,Steep rocky limestone slope
FeF4,"Ferris clay, 5 to 20 percent slopes, severely eroded",390697,,13,13,89,,,,,0,4.25,8.1,15.38,21.88,Well drained,Well drained,D,,100,6,85,Very limited,Very limited,Not rated,Very limited,Very limited,Not rated,Very limited,Very limited,Very limited,Very limited,Poor,Not rated,Somewhat limited,0.5,Erosion hazard severe,0,1,Ferris,85,Yes,severely eroded,13.0,Very high,Well drained,No,D,linear gilgai on ridges on plains,Southern Eroded Blackland,89.0,Densic bedrock,52.5,18.2,29.3,9.5,8.2,0.775,eroded_clay_slope,Eroded clay slope
GrC,"Gruene clay, 1 to 5 percent slopes",390698,,3,3,,,,,,0,3.75,4.95,10.67,17.17,Well drained,Well drained,D,,100,4,85,Somewhat limited,Very limited,Not rated,Very limited,Very limited,Not rated,Very limited,Very limited,Very limited,Somewhat limited,Poor,Not rated,Somewhat limited,0.5,Erosion hazard slight,0,1,Gruene,85,Yes,,3.0,Medium,Well drained,No,D,ridges on plains,Southern Chalky Ridge,33.0,Petrocalcic,42.5,28.1,29.4,0.0,7.5,2.0,thin_limestone,Thin rocky limestone / karst
HeB,"Heiden clay, 1 to 3 percent slopes",390699,,2,2,,,,,,0,4,8,16,23.79,Well drained,Well drained,D,,100,3,85,Very limited,Very limited,Not rated,Very limited,Very limited,Not rated,Very limited,Not limited,Not limited,Very limited,Poor,Not rated,Somewhat limited,0.5,Erosion hazard slight,0,1,Heiden,85,Yes,,2.0,Very high,Well drained,No,D,linear gilgai on ridges on plains,Southern Blackland; Southern Eroded Blackland,114.0,Densic bedrock; Densic material,50.0,22.0,28.0,9.666666666666666,8.2,1.5999999999999999,eroded_clay_slope,Eroded clay slope
HeC3,"Heiden clay, 3 to 5 percent slopes, eroded",390700,,4,4,,,,,,0,4,8,16,23.79,Well drained,Well drained,D,,100,3,95,Very limited,Very limited,Not rated,Very limited,Very limited,Not rated,Very limited,Somewhat limited,Somewhat limited,Very limited,Poor,Not rated,Somewhat limited,0.5,Erosion hazard moderate,0,1,Heiden,85,Yes,moderately eroded,4.0,Very high,Well drained,No,D,linear gilgai on ridges on plains,Southern Blackland; Southern Eroded Blackland,114.0,Densic bedrock; Densic material,50.0,22.0,28.0,7.5,8.2,2.0,eroded_clay_slope,Eroded clay slope
HeD3,"Heiden clay, 5 to 8 percent slopes, eroded",390701,,7,7.1,,,,,,0,4,8,16,21.34,Well drained,Well drained,D,,100,4,95,Very limited,Very limited,Not rated,Very limited,Very limited,Not rated,Very limited,Very limited,Very limited,Very limited,Poor,Not rated,Somewhat limited,0.5,Erosion hazard moderate,0,1,Heiden,85,Yes,moderately eroded,7.0,Very high,Well drained,No,D,linear gilgai on ridges on plains,Southern Eroded Blackland,112.0,Densic bedrock; Densic material,50.0,22.0,28.0,7.5,8.2,2.0,eroded_clay_slope,Eroded clay slope
HgD,"Heiden gravelly clay, 3 to 8 percent slopes",390702,,6,6,,,,,,0,3.65,7.9,16.01,21.77,Well drained,Well drained,D,,100,4,95,Very limited,Very limited,Not rated,Very limited,Very limited,Not rated,Very limited,Somewhat limited,Somewhat limited,Very limited,Poor,Not rated,Somewhat limited,0.5,Erosion hazard moderate,0,1,Heiden,90,Yes,,6.0,Very high,Well drained,No,D,linear gilgai on ridges on plains,Southern Blackland; Southern Eroded Blackland,107.0,Densic bedrock; Densic material,50.0,22.0,28.0,7.5,8.2,2.0,eroded_clay_slope,Eroded clay slope
HoB,"Houston Black clay, 1 to 3 percent slopes",390703,,2,2.2,,,,,,0,4,8,16,24,Moderately well drained,Moderately well drained,D,,100,2,85,Very limited,Very limited,Not rated,Very limited,Very limited,Not rated,Very limited,Not limited,Not limited,Very limited,Poor,Not rated,Somewhat limited,0.5,Erosion hazard slight,0,1,Houston Black,80,Yes,,2.0,Very high,Moderately well drained,No,D,linear gilgai on ridges on plains,Southern Blackland,122.0,Densic material; Paralithic bedrock,54.0,20.0,26.0,22.5,7.9,2.375,thin_limestone,Thin rocky limestone / karst
HvB,"Houston Black gravelly clay, 1 to 3 percent slopes",390704,,2,2.2,,,,,,0,2.85,6.6,14.1,21.6,Moderately well drained,Moderately well drained,D,,100,2,80,Very limited,Very limited,Not rated,Very limited,Very limited,Not rated,Very limited,Not limited,Not limited,Very limited,Poor,Not rated,Somewhat limited,0.5,Erosion hazard slight,0,1,Houston Black,80,Yes,,2.0,Very high,Moderately well drained,No,D,linear gilgai on ridges on plains,Southern Blackland,122.0,Densic material,54.0,20.0,26.0,22.5,7.9,2.375,chalky_ridge,Chalky calcareous ridge
HvD,"Houston Black gravelly clay, 3 to 8 percent slopes",390705,,6,6,,,,,,0,3.75,7.68,15.68,23.68,Moderately well drained,Moderately well drained,D,,100,4,100,Very limited,Very limited,Not rated,Very limited,Very limited,Not rated,Very limited,Somewhat limited,Somewhat limited,Very limited,Poor,Not rated,Somewhat limited,0.5,Erosion hazard moderate,0,1,Houston Black,90,Yes,,6.0,Very high,Moderately well drained,No,D,linear gilgai on ridges on plains,Southern Blackland,122.0,Densic bedrock,54.0,20.0,26.0,22.5,7.9,2.375,chalky_ridge,Chalky calcareous ridge
KrA,"Krum clay, 0 to 1 percent slopes",390706,,0.5,0.5,,,,,,0,4.5,8.73,16.23,23.73,Well drained,Well drained,C,,100,2,90,Very limited,Very limited,Not rated,Very limited,Very limited,Not rated,Very limited,Not limited,Not limited,Very limited,Poor,Not rated,Somewhat limited,0.5,Erosion hazard slight,0,1,Krum,90,Yes,,0.5,Medium,Well drained,No,C,stream terraces on plateaus,Clay Loam 29-35 PZ; Southern Blackland; Southern Clay Loam,89.0,Lithic bedrock,47.5,24.0,28.5,14.0,8.1,1.875,floodplain_bottomland,Creek / floodplain / bottomland
KrB,"Krum clay, 1 to 3 percent slopes",393469,,2,2.1,,,,,,0,4.5,8.73,16.23,23.73,Well drained,Well drained,C,,100,3,90,Very limited,Very limited,Not rated,Very limited,Very limited,Not rated,Very limited,Not limited,Not limited,Very limited,Poor,Not rated,Somewhat limited,0.5,Erosion hazard slight,0,1,Krum,90,Yes,,2.0,High,Well drained,No,C,stream terraces on plateaus,Clay Loam 29-35 PZ; Shallow 29-35 PZ,43.0,Lithic bedrock; Paralithic bedrock,47.5,24.0,28.5,14.0,8.1,1.875,floodplain_bottomland,Creek / floodplain / bottomland
KrC,"Krum clay, 3 to 5 percent slopes",393470,,4,4,,,,,,0,4.5,8.49,15.99,22.53,Well drained,Well drained,C,,100,3,90,Very limited,Very limited,Not rated,Very limited,Very limited,Not rated,Very limited,Somewhat limited,Somewhat limited,Very limited,Poor,Not rated,Somewhat limited,0.5,Erosion hazard moderate,0,1,Krum,90,Yes,,4.0,High,Well drained,No,C,stream terraces on plateaus,Clay Loam 29-35 PZ; Shallow 29-35 PZ,43.0,Lithic bedrock; Paralithic bedrock,47.5,24.0,28.5,14.0,8.1,2.25,floodplain_bottomland,Creek / floodplain / bottomland
LeA,"Lewisville silty clay, 0 to 1 percent slopes",393471,,0.5,0.5,,,,,,0,4.5,8.84,16.84,24.47,Well drained,Well drained,C,,100,2,100,Very limited,Very limited,Not rated,Very limited,Very limited,Not rated,Very limited,Not limited,Not limited,Very limited,Poor,Not rated,Somewhat limited,0.5,Erosion hazard slight,0,1,Lewisville,90,Yes,,0.5,Medium,Well drained,No,C,stream terraces on river valleys,Southern Blackland; Southern Clay Loam,,,43.5,10.0,46.5,25.0,8.2,1.75,floodplain_bottomland,Creek / floodplain / bottomland
LeB,"Lewisville silty clay, 1 to 3 percent slopes",393472,,2,2,,,,,,0,4.5,8.78,16.75,24.25,Well drained,Well drained,C,,100,2,90,Very limited,Very limited,Not rated,Very limited,Very limited,Not rated,Very limited,Not limited,Not limited,Very limited,Poor,Not rated,Somewhat limited,0.5,Erosion hazard slight,0,1,Lewisville,85,Yes,,2.0,High,Well drained,No,C,stream terraces on river valleys,Southern Blackland; Southern Clay Loam,,,43.5,10.0,46.5,25.0,8.2,1.75,floodplain_bottomland,Creek / floodplain / bottomland
MEC,"Medlin, warm-Eckrant association, 1 to 8 percent slopes",393473,,5,5,30,,,,,0,3.19,5.7,9.47,10.09,Well drained,Well drained,D,,100,4,50,Very limited,Very limited,Not rated,Very limited,Very limited,Not rated,Very limited,Somewhat limited,Somewhat limited,Very limited,Poor,Not rated,Somewhat limited,0.5,Erosion hazard moderate,0,1,Medlin,50,Yes,warm,5.0,Very high,Well drained,No,D,ridges on plateaus,Blackland 29-35 PZ; Clay Loam 29-35 PZ; Low Stony Hill 29-35 PZ,0.0,Densic material; Lithic bedrock,46.75,20.0,33.25,7.25,7.65,3.4125,thin_limestone,Thin rocky limestone / karst
MED,"Medlin, warm-Eckrant association, 8 to 30 percent slopes",393474,,14,16.1,30,,,,,0,3.04,5.23,8.87,10.82,Well drained,Well drained,D,,100,6,50,Very limited,Very limited,Not rated,Very limited,Very limited,Not rated,Very limited,Very limited,Very limited,Very limited,Poor,Not rated,Somewhat limited,0.5,Erosion hazard severe,0,1,Medlin,50,Yes,warm,14.0,Very high,Well drained,No,D,ridges on plateaus,Blackland 29-35 PZ; Clay Loam 29-35 PZ; Steep Rocky 29-35 PZ,0.0,Densic material; Lithic bedrock,46.75,20.0,33.25,7.25,7.65,3.4125,steep_rocky_slope,Steep rocky limestone slope
Oa,"Oakalla silty clay loam, 0 to 1 percent slopes, rarely flooded",393475,,0.5,0.5,,,,Rare,Rare,0,4.05,7.8,15.27,22.27,Well drained,Well drained,B,2,90,2,90,Very limited,Very limited,Not rated,Very limited,Somewhat limited,Not rated,Not rated,Somewhat limited,Somewhat limited,Somewhat limited,Poor,Not rated,Somewhat limited,0.443,Erosion hazard slight,0,0,Oakalla,90,Yes,,0.5,Negligible,Well drained,No,B,flood plains on plateaus,Clay Loam 23-31 PZ; Clayey Slope 30-38; Loamy Bottomland 29-35 PZ,,,32.0,18.05,49.95,37.5,8.2,3.5,floodplain_bottomland,Creek / floodplain / bottomland
Ok,"Oakalla silty clay loam, 0 to 2 percent slopes, frequently flooded",393476,,0.5,0.5,,,,Frequent,Frequent,1,4.15,7.9,14.98,21.98,Well drained,Well drained,B,5,90,5,90,Very limited,Very limited,Not rated,Very limited,Very limited,Not rated,Very limited,Very limited,Very limited,Very limited,Poor,Not rated,Somewhat limited,0.47,Erosion hazard slight,1,1,Oakalla,90,Yes,,0.5,Negligible,Well drained,No,B,flood plains on plateaus,Clay Loam 29-35 PZ; Loamy Bottomland 29-35 PZ,,,32.0,18.05,49.95,35.0,8.2,3.5,floodplain_bottomland,Creek / floodplain / bottomland
Or,"Orif soils, moist, 0 to 3 percent slopes, frequently flooded",393477,,1,0.9,,,,Frequent,Frequent,1,2,4,5.55,7.05,Well drained,Well drained,A,,100,5,85,Very limited,Very limited,Not rated,Very limited,Very limited,Not rated,Very limited,Very limited,Very limited,Very limited,Fair,Not rated,Somewhat limited,0.68,Erosion hazard slight,1,1,Orif,85,Yes,moist,1.0,Negligible,Well drained,No,A,flood plains on river valleys on plateaus,Loamy Bottomland 29-35 PZ,,,9.0,82.0,9.0,60.0,8.2,2.25,floodplain_bottomland,Creek / floodplain / bottomland
PdB,"Pedernales fine sandy loam, 1 to 5 percent slopes",393478,,4,3.9,183,,,,,0,3.35,7.1,14.6,21.64,Well drained,Well drained,C,3,85,3,85,Somewhat limited,Somewhat limited,Not rated,Not rated,Very limited,Not rated,Very limited,Very limited,Very limited,Somewhat limited,Fair,Not rated,Somewhat limited,0.18,Erosion hazard moderate,0,0.5,Pedernales,85,Yes,,4.0,Medium,Well drained,No,C,stream terraces on plateaus,Red Sandy Loam 25-32 PZ; Redland 23-31 PZ; Sandy 25-32 PZ; Sandy Loam; Tight Sandy Loam 25-32 PZ,41.0,Lithic bedrock; Paralithic bedrock,26.25,61.0,12.75,0.0,7.0,0.625,floodplain_bottomland,Creek / floodplain / bottomland
Pt,Pits,393479,,20,20,,,,,,0,1.5,3,6,9,Well drained,Well drained,D,,100,8,100,Very limited,Very limited,Very limited,Very limited,Very limited,Very limited,Very limited,Very limited,Very limited,Very limited,Not rated,Not rated,Not rated,,Not rated,0,,Pits,100,Yes,,20.0,Low,Well drained,No,D,gravel pits,,,,,,,0.0,6.5,,disturbed_urban,Disturbed builder soil / roadside / fill
PuC,"Purves clay, 1 to 5 percent slopes",393480,,3,3,48,,,,,0,3.75,6.18,6.18,6.18,Well drained,Well drained,D,,100,4,90,Very limited,Very limited,Not rated,Very limited,Very limited,Not rated,Very limited,Very limited,Very limited,Very limited,Poor,Not rated,Somewhat limited,0.5,Erosion hazard slight,0,1,Purves,90,Yes,,3.0,Medium,Well drained,No,D,ridges on plateaus,Adobe 29-35 PZ; Low Stony Hill 29-35 PZ; Shallow 29-35 PZ,0.0,Lithic bedrock; Paralithic bedrock,47.0,21.0,32.0,29.333333333333332,8.066666666666666,2.5,thin_limestone,Thin rocky limestone / karst
RUD,"Rumple-Comfort, rubbly association, 1 to 8 percent slopes",393481,,5,4.7,30,,,,,0,1.63,2.54,3.01,3.01,Well drained,Well drained,D,,100,4,60,Somewhat limited,Very limited,Not rated,Very limited,Very limited,Not rated,Very limited,Very limited,Very limited,Somewhat limited,Poor,Not rated,Somewhat limited,0.5,Erosion hazard moderate,0,1,Rumple,60,Yes,,5.0,Very high,Well drained,No,D,ridges on plateaus,Gravelly Redland 29-35 PZ; Low Stony Hill 29-35 PZ; Redland 29-35 PZ,0.0,Lithic bedrock,50.8,21.6,27.6,0.0,7.26,3.7399999999999998,thin_limestone,Thin rocky limestone / karst
RaD,"Real gravelly loam, 1 to 8 percent slopes",393482,,5,5,36,,,,,0,2,2.88,2.88,2.88,Well drained,Well drained,D,,100,6,85,Somewhat limited,Very limited,Not rated,Very limited,Very limited,Not rated,Very limited,Very limited,Very limited,Somewhat limited,Poor,Not rated,Somewhat limited,0.259,Erosion hazard moderate,0,1,Real,85,Yes,,5.0,High,Well drained,No,D,ridges on plateaus,Adobe 29-35 PZ; Low Stony Hill 29-35 PZ; Shallow 29-35 PZ,30.0,Lithic bedrock; Paralithic bedrock,26.0,35.7,38.3,55.0,8.2,5.25,thin_limestone,Thin rocky limestone / karst
RcD,"Real-Comfort-Doss complex, 1 to 8 percent slopes",393483,,5,5,33,,,,,0,1.96,2.87,2.87,2.87,Well drained,Well drained,D,,100,6,70,Somewhat limited,Very limited,Not rated,Very limited,Very limited,Not rated,Very limited,Very limited,Very limited,Somewhat limited,Poor,Not rated,Somewhat limited,0.433,Erosion hazard moderate,0,1,Real,40,Yes,,5.0,High,Well drained,No,D,ridges on plateaus,Adobe 29-35 PZ; Low Stony Hill 29-35 PZ; Shallow 29-35 PZ,0.0,Lithic bedrock; Paralithic bedrock,39.666666666666664,25.066666666666666,35.266666666666666,35.0,7.966666666666666,4.166666666666667,thin_limestone,Thin rocky limestone / karst
SeB,"Seawillow clay loam, 1 to 3 percent slopes",393484,,2,2,,,,,,0,4,7.56,14.22,20.72,Well drained,Well drained,B,,100,2,85,Somewhat limited,Not limited,Not limited,Not rated,Somewhat limited,Not rated,Not rated,Somewhat limited,Somewhat limited,Somewhat limited,Poor,Not rated,Somewhat limited,0.314,Erosion hazard slight,0,0,Seawillow,85,Yes,,2.0,Low,Well drained,No,B,stream terraces on river valleys,Southern Clay Loam,,,31.0,35.4,33.6,47.5,8.2,0.6000000000000001,floodplain_bottomland,Creek / floodplain / bottomland
SeD,"Seawillow clay loam, 3 to 8 percent slopes",393485,,6,6,,,,,,0,3.9,7.4,14.37,20.87,Well drained,Well drained,B,,100,4,85,Somewhat limited,Somewhat limited,Not rated,Not rated,Somewhat limited,Not rated,Not rated,Somewhat limited,Somewhat limited,Somewhat limited,Poor,Not rated,Somewhat limited,0.314,Erosion hazard moderate,0,0,Seawillow,85,Yes,,6.0,Medium,Well drained,No,B,stream terraces on river valleys,Southern Clay Loam,,,31.0,35.4,33.6,47.5,8.2,0.6000000000000001,floodplain_bottomland,Creek / floodplain / bottomland
SuA,"Sunev silty clay loam, 0 to 1 percent slopes",393650,,0.5,0.5,,,,,,0,3.5,7,14,21,Well drained,Well drained,B,,100,2,85,Not limited,Not limited,Not limited,Not rated,Somewhat limited,Not rated,Not rated,Somewhat limited,Somewhat limited,Somewhat limited,Poor,Not rated,Somewhat limited,0.445,Erosion hazard slight,0,0,Sunev,85,Yes,,0.5,Negligible,Well drained,No,B,stream terraces on river valleys,Clay Loam 29-35 PZ,,,30.0,17.8,52.2,42.5,8.2,1.275,floodplain_bottomland,Creek / floodplain / bottomland
SuB,"Sunev clay loam, 1 to 3 percent slopes",393651,,2,2,,,,,,0,3.5,7,14,15.96,Well drained,Well drained,B,,100,2,85,Not limited,Not limited,Not limited,Not rated,Somewhat limited,Not rated,Not rated,Somewhat limited,Somewhat limited,Somewhat limited,Poor,Not rated,Somewhat limited,0.325,Erosion hazard slight,0,0,Sunev,85,Yes,,2.0,Low,Well drained,No,B,stream terraces on river valleys,Clay Loam 29-35 PZ,,,30.0,33.5,36.5,42.5,8.2,1.275,floodplain_bottomland,Creek / floodplain / bottomland
TaB,"Tarpley clay, 1 to 3 percent slopes",393652,,2,2,43,,,,,0,3.35,5.33,5.33,5.33,Well drained,Well drained,D,,100,4,90,Very limited,Very limited,Not rated,Very limited,Very limited,Not rated,Very limited,Very limited,Very limited,Very limited,Poor,Not rated,Somewhat limited,0.5,Erosion hazard slight,0,1,Tarpley,90,Yes,,2.0,Very high,Well drained,No,D,hillslopes on plateaus,Deep Redland 29-35 PZ; Gravelly Redland 29-35 PZ; Redland 29-35 PZ; Shallow 29-35 PZ,0.0,Lithic bedrock; Paralithic bedrock,55.0,17.0,28.0,0.0,7.0,2.0,thin_limestone,Thin rocky limestone / karst
Tn,"Tinn clay, 0 to 1 percent slopes, frequently flooded",393653,,0.5,0.5,,,,Frequent,Frequent,0,3.5,7,14,21,Moderately well drained,Moderately well drained,D,,100,5,100,Very limited,Very limited,Not rated,Very limited,Very limited,Not rated,Very limited,Very limited,Very limited,Very limited,Poor,Not rated,Very limited,1,Erosion hazard slight,5,1,Tinn,85,Yes,,0.5,High,Moderately well drained,No,D,circular gilgai on flood plains on plains,Clayey Bottomland; Loamy Bottomland,,,50.0,22.0,28.0,10.5,7.9,2.0,floodplain_bottomland,Creek / floodplain / bottomland
W,Water,393654,,,,,,,,,0,,,,,,,D,,100,8,100,Not rated,Not rated,Not rated,Not rated,Not rated,Not rated,Not rated,Not rated,Not rated,Not rated,Not rated,Not rated,Not rated,,Not rated,0,,Water,100,Yes,,,,,No,D,,,,,,,,,,,disturbed_urban,Disturbed builder soil / roadside / fill
DAM,Dams,628363,,,,,,,,,0,,,,,,,D,,100,7,100,Not rated,Not rated,Not rated,Not rated,Not rated,Not rated,Not rated,Not rated,Not rated,Not rated,Not rated,Not rated,Not rated,,Not rated,0,,Dams,100,Yes,,,,,No,D,artificial levees,,,,,,,,,,disturbed_urban,Disturbed builder soil / roadside / fill
